Men's Single sculls,4
Men's Double sculls,4
Women's Single Sculls,4
Women's Quadruple sculls without coxswain,4
Women's Pair without coxswain,4
Men's Lightweight double sculls,4
Men's Pairs with coxswain,4
Men's Quadruple sculls without coxswain,4
Men's Eight with coxswain,4
Men's Pairs without coxswain,4
Men's Lightweight coxless four,4
Men's Four without coxswain,4
Women's Double sculls,4
Men's Coxless pair,4
Women's Lightweight double sculls,4
Women's Eight with coxswain,4
Women's Rhythmic gymnastics; group competition,7
Women's Rhythmic gymnastics; individual all-round,7
Men's Golf,9
Women's Golf,9
Men's Judo; 71-78kg (half middleweight),11
Women's Judo; 70 - 78kg (half-heavyweight),11
Men's Judo; 73 - 81kg (half-middleweight),11
Women's Judo; 66-72 kg (Half Heavyweight),11
Women's Judo; +72 (heavyweight),11
Men's Judo; +80 (heavyweight),11
Women's Judo; 61-66 kg (Middleweight),11
Men's Judo; 86-95kg (half heavyweighgt),11
Women's Judo; - 48kg (extra-lightweight),11
Judo; Open Category,11
Men's Judo; -68kg (lightweight),11
Men's Judo; 81 - 90kg (middleweight),11
Women's Judo; 57 - 63kg (Half-Middleweight),11
Women's Judo; 48 - 52kg (half-lightweight),11
Women's Judo; Lightweight (56kg),11
Women's Judo; + 78kg (heavyweight),11
Men's Judo; 90 - 100kg (half-heavyweight),11
Men's Judo; +95 (Heavyweight),11
Men's Judo; Half Lightweight 65kg,11
Men's Judo; 68-80kg (middleweight),11
Women's Half Middleweight; 56-61kg,11
Men's Judo +93 (heavyweight),11
Women's Judo; 52 - 57kg (Lightweight),11
Men's Judo; Half Heavyweight (95kg),11
Men's Judo; -63 (Lightweight),11
Men's Judo; 70-80kg (middleweight),11
Men's Judo; 60 - 66kg (half-lightweight),11
Women's Judo; 63-70kg (Middleweight),11
Men's Judo; Half Middleweight 63-70kg,11
Men's Judo; 66 - 73kg (lightweight),11
Men's Judo; + 100kg (heavyweight),11
Men's Judo; 93kg (Half Heavyweight),11
Men's Judo; 65-71kg (Lightweight),11
Men's Judo; - 60 kg Men (extra lightweight),11
Men's Judo; Middleweight 78-86,11
Women's Judo; Half Middleweight (61kg),11
Men's Team Relay,13
Men's Individual (LH/10km),13
Men's Individual (NH/10km),13
Men's Nordic Combined; Individual,13
Men's Nordic Combined Sprint,13
Individual Gundersen,13
Men's Freestyle Wrestling; Featherweight -60kg,14
Men's Freestyle Wrestling; Lightweight 61.2-65.8kg,14
Men's Freestyle Wrestling; Heavyweight 84-96kg,14
Men's Freestyle Wrestling; Middleweight 73-79 kg,14
Men's Freestyle Wrestling; Light Heavyweight 79-87kg,14
Men's Freestyle Wrestling; Featherweight 55 - 60 kg,14
Men's Freestyle Wrestling; Lightweight 63-70kg,14
Men's Freestyle Wrestling; Bantamweight -56kg,14
Men's FreestyleWrestling; Light Flyweight 47.6kg,14
Men's Freestyle Wrestling; Bantamweight 55kg,14
Men's Freestyle Wrestling; Middleweight 74-84kg,14
Men's Freestyle Wrestling; Heavyweight 90-100kg,14
Men's Freestyle Wrestling; heavyweight +73,14
Men's Freestyle Wrestling;  Heavyweight +71.7,14
Women's Freestyle Wrestling; Heavyweight 63 - 72kg,14
Men's freestyle Wrestling; Welterweight 68-74 kg,14
Men's Freestyle Wrestling; Middleweight 76-85 kg,14
Men's Freestyle Wrestling; Bantamweight -58 kg,14
Men's Freestyle Wrestling; heavyweight +82.5,14
Men's Freestyle; Lightweight 62-68kg,14
Freestyle Super Heavyweight 97-130 kg,14
Men's Freestyle Wrestling; Lightweight 61-66kg,14
Men's Freestyle Wrestling; Featherweight 54-60.3 kg,14
Men's Freestyle Wrestling; 67-73kg,14
Men's Freestyle Wrestling;  Middleweight 66.6-73kg,14
Men's Freestyle Wrestling; Middleweight 67.5-75kg,14
Men's Freestyle Wrestling; Lightweight 60.3-66.6,14
Men's Freestyle Wrestling; Welterweight 69-76 kg,14
Men's Freestyle Wrestling; Featherweight 58-63 kg,14
Men's Freestyle Wrestling; Welterweight 66-72kg,14
Men's Freestyle Wrestling; Featherweight 57-62kg,14
Men's Freestyle Wrestling; Middleweight 72-79 kg,14
Men's Freestyle Wrestling; flyweight 48-52 kg,14
Men's Freestyle Wrestling; Light Heavyweight 75-82.5kg,14
Men's Freestyle Wrestling; Bantamweight -54kg,14
Men's Freestyle Wrestling; Welterweight 70-78kg,14
Men's Freestyle Wrestling; Welterweight 66-74kg,14
Men's Freestyle Wrestling; Super Heavyweight +100kg,14
Men's Freestyle Wrestling; Bantamweight 54-58 kg,14
Men's Freestyle Wrestling; Heavyweight 85-97 kg,14
Men's Freestyle Wrestling; Middleweight 78-87 kg,14
Men's Freestyle Wrestling; Featherweight 56.7-61.2kg,14
Men's Freestyle Wrestling; Featherweight 58-62kg,14
Men's Freestyle Wrestling; Light Heavyweight 87-97 kg,14
Men's Freestyle Wrestling; Super Heavyweight 100-130 kg,14
Men's Freestyle Wrestling; Flyweight 47.6-52.2kg,14
Men's Freestyle Wrestling; Bantamweight 52.2-56.7kg,14
Men's Freestyle Wrestling; Featherweight 56-61kg,14
Men's Freestyle Wrestling; Bantamweight 52-57 kg,14
Men's Freestyle Wrestling; 48kg,14
Men's freestyle wrestling; light heavyweight 90kg,14
Women's Freestyle Wrestling; Middleweight 55 - 63 kg,14
Men's Freestyle Wrestling; Lightweight 63-69 kg,14
Men's Freestyle Wresetling; Welterweight 65.8-71.7kg,14
Men's Freestyle Wrestling; Heavyweight +87,14
Men's Freestyle Wrestling; Lightweight 60-67.5kg,14
Women's Freestyle Wrestling; Lightweight 48 - 55kg,14
Men's Freestyle Wrestling; Lightweight 60-66 kg,14
Men's Freestyle Wrestling;  Flyweight -52kg,14
Men's Wrestling; Freestyle Super Heavyweight + 100kg,14
Men's Freestyle Wrestling;  Flyweight 54kg,14
Men's Freestyle Wrestling; Featherweight 57-63 kg,14
Men's freestyle wrestling; Middleweight 74-82 kg,14
Men's Freestyle Wrestling; Lightweight 62-67kg,14
Men's Freestyle Wrestling; Heavyweight +97kg,14
Men's Freestyle Wrestling; Super Heavyweight 96-120 kg,14
Women's Freestyle Wrestling; Flyweight 48 kg,14
Men's Weightlifting; Heavyweight +82.5,17
Men's Weightlifting; Flyweight -54kg,17
Women's Weightlifting; 58kg,17
Men's Weightlifting; Heavyweight +90,17
Men's Weightlifting; Men's Lightweight 64-70 kg,17
Heavyweight (Two-handed),17
Men's Weightlifting; Heavyweight 94 - 105 kg,17
Men's Weightlifting; Heavyweight 90-110 kg,17
Men's Weightlifting; Super Heavyweight +110,17
Men's Weightlifting; Middleweight 67.5-75kg,17
Men's All Around Dumbbell,17
Women's Weightlifting; 48kg,17
Men's Weightlifting; Middle Heavyweight 85-94 kg,17
Men's Weightlifting; Featherweight 56-62 kg,17
Women's Weightlifting; + 75kg,17
Men's Weightlifting; Lightweight 60-67.5kg,17
Men's Weightlifting; Flyweight -52kg,17
Heavyweight One Handed Lift,17
Men's Weightlifting; Super Heavyweight +108,17
Men's Weightlifting; First Heavyweight 91-99kg,17
Men's Weightlifting; First Heavyweight 90-100kg,17
Men's Weightlifting; Middle Heavyweight 82.5-90 kg,17
Women's Weightlifting; 53kg,17
Men's Weightlifting; Heavyweight 100-110 kg,17
Men's Weightlifting; Light Heavyweight 76- 83 kg,17
Men's Weightlifting; Bantamweight 54-59 kg,17
Men's Weightlifting; Bantamweight 52-56kg,17
Men's Weightlifting; Featherweight 56-60kg,17
Men's Weightlifting; Middleweight 69-77 kg,17
Men's Weightlifting; Middleweight 70-76kg,17
Men's Weightlifting; featherweight -60,17
Men's Weightlifting; 99 - 108 kg,17
Men's Weightlifting; Bantamweight  -56kg,17
Men's Weightlifting; Lightweight 62-69 kg,17
Men's Weightlifting; Super Heavyweight + 105kg,17
Men's Weightlifting; Light Heavyweight 77-85 kg,17
Women's Weightlifting; 69kg,17
Women's Weightlifting; 75kg,17
Men's Weightlifting; Featherweight 59-64kg,17
Men's Weightlifting; Middle Heavyweight 83-91 kg,17
Men's Weightlifting; Light Heavyweight 75-82.5kg,17
Women's Weightlifting; 63kg,17
Women's softball,20
Women's Synchronized Swimming Solo,21
Women's Sychronized swimming; team,21
Women's Sychronized swimming; duet,21
Men's Double American Round,24
Men's Au cordon doré 33m,24
Individual moving bird; 33 metres,24
Men's Archery; team,24
Women's Double Colombia Round,24
Individual Fixed Large Bird,24
Men's Sur la perche á la herse,24
Individual Moving Bird; 28 metres,24
Men's Au chapelet 50m,24
Double York Round Men,24
Women's Archery; individual,24
Men's Continental Style,24
Individual moving bird; 50 metres,24
Men's Au cordon doré 50m,24
Men's Au chapelet 33m,24
Men's Sur la perche á la pyramide,24
Men's Archery; individual,24
Women's Double National Round,24
Individual fixed small bird,24
Women's Archery; team,24
Men's 10km Pursuit,31
Men's Cross Country; 10km,31
Men's Individual Sprint,31
Men's 50 km; Mass start,31
Women's 10 km,31
Women's 15 km Pursuit,31
Women's Cross-Country; 30km,31
Men's Cross-country; 50km,31
Men's 20km Pursuit (10km + 10km),31
Women's Team Sprint,31
Men's 30 km freestyle mass start,31
Women's 20km,31
Men's Cross-Country; 15 km,31
Women's 15km,31
Men's 50km freestyle,31
Women's 5km,31
Men's Team Sprint,31
Men's Cross Country - 30km Pursuit,31
Men's 15km Pursuit,31
Women's 15km Freestyle Mass Start,31
Men's Combined Pursuit  (10km + 15km),31
Women's 4x5 km Relay,31
Women's 10 km Pursuit (5 km + 5 km),31
Women's Individual Sprint,31
Women's 30km Cross-country Freestyle,31
Women's 10km Pursuit,31
Men's Cross-Country; 18km,31
Women's 30 km; Mass start,31
Men's Cross-country; 30km,31
Women's Combined Pursuit  (5 km + 10 km),31
Men's 50 km classical,31
Men's 4x10 km Relay,31
Women’s Curling Tournament,33
Men's Curling Tournament,33
Individual Dressage,35
Team Dressage,35
Individual vaulting,37
Women's Team Pursuit,38
Women's 500 m,38
Women's 5000 m,38
Women's 1500m,38
Men's Team Pursuit,38
Women's 1000m,38
Men's Speed Skating; All Around,38
Men's 1500m,38
Women's 3000 m,38
Speed skating - Men's 5000m,38
Men's 1000m,38
Men's 10000m,38
Men's 500m,38
Women's Skeleton,39
Men's Skeleton,39
Women's Ski Jumping,41
Men's Individual Large Hill,41
Men's Team Large Hill,41
Men's Individual Normal Hill,41
Men's Large hill individual,41
Men's boxing welterweight 62-67kg,44
Men's Boxing; Lightweight 58-62kg,44
Men's Boxing; Bantamweight 47.6-52.2 kg,44
Men's Boxing; Super Heavyweight +91kg,44
Women's Boxing; Middleweight 75kg,44
Men's Boxing; Lightweight 57 - 60kg,44
Women's Boxing; Lightweight 60kg,44
Men's Boxing; Heavyweight +81,44
Men's boxing; lightweight 57.2-61.2 kg,44
Men's boxing; Light Middleweight 67-71kg,44
Men's Boxing; featherweight 54-58kg,44
Men's Boxing; Flyweight -50.8kg,44
Men's Boxing; Light Welterweight 60-63.5,44
Men's boxing; heavyweight +80,44
Women's Boxing; Flyweight 51kg,44
Men's Boxing; Heavyweight +71.7kg,44
Men's Boxing; Middleweight 67-73,44
Men's Boxing; 48 - 51kg (flyweight),44
Men's Boxing; Flyweight  -47.6 kg,44
Men's Boxing; Bantamweight 50.8-53.5kg,44
Men's Boxing; Bantamweight -52.6 kg,44
Men's Boxing; Middleweight 71-75kg,44
Men's Boxing; Bantamweight 51 - 54kg,44
Women's boxing,44
Men's Boxing; Featherweight 52.6-57.2 kg,44
Men's Boxing; Light Heavyweight 73-80kg,44
Men's Boxing; Featherweight 54 - 57 kg,44
Men's Boxing; Heavyweight +79.4kg,44
Men's Boxing; Light Heavyweight 72.6-79.4kg,44
Men's Boxing; Light Heavyweight 75 - 81kg,44
Men's Boxing; Heavyweight 81 - 91kg,44
Men's Boxing; Flyweight - 51,44
Men's Boxing; Middleweight 66.7-72.6kg,44
Men's Boxing; 65.8-71.7kg (middleweight),44
Men's Boxing; Lightweight 57.2-63.5kg,44
Men's Boxing; Welterweight 64-69 kg,44
Men's Boxing; Middleweight 63.5-71.7kg,44
Men's Boxing; Featherweight 52.2-56.7kg,44
Men's Boxing; Welterweight 63.5-67kg,44
Men's Boxing; Lightweight 56.7-61.2kg,44
Men's Boxing; Middleweight 69 - 75 kg,44
Men's Boxing; 60 - 64 kg (light welterweight),44
Men's Boxing; Featherweight 53.5-57.2kg,44
Men's Boxing; Welterweight  61.2-65.8kg,44
Men's Boxing; - Light Flyweight -48kg,44
Men's Boxing; Welterweight 61.2-66.7kg,44
Men's 500m,51
Women's 1500m,51
Men's 1000m,51
Women's 500m,51
Women's 3000m Relay,51
Men's 5000m Relay,51
Men's 1500 m,51
Women's 1000m,51
Women's BMX Cycling,52
BMX racing,52
Women's Foil team,55
Men's Foil Team,55
Women's Foil individual,55
Men's Foil individual,55
Men's Sabre individual,55
Women's Sabre individual,55
Women's Épée individual,55
Men's Sabre team,55
Masters Foil,55
Single Sticks,55
Masters Sabre,55
Men's Amateurs-Masters épée,55
Women's Sabre team,55
Masters Épée,55
Men's Épée team,55
Women's Épée team,55
Men's Épée individual,55
Team figure skating,56
Women's Singles,56
Ice dancing,56
Special Figures,56
Pair skating,56
Figure skating - Men's singles,56
Jeu de Paume,58
Men's baseball,59
Women's Floor exercises,60
Men's Rings,60
Women's Vault,60
Men's  Tumbling,60
Women's Uneven bars,60
Men's Pommel horse,60
Women's Gymnastics; individual all-round,60
Club Swinging,60
Rope climbing,60
Men's Sidehorse Vault,60
Indian clubs,60
Women's Gymnastics;  team competition,60
Men's Floor exercises,60
Men's Gymnastics;  team competition,60
Men's Gymnastics; individual all-round,60
Men's Vault,60
Men's Parallel bars,60
Gymnastics; Combined Competition (4 events),60
Artistic Gymnastics at the 2008 Summer Olympics,60
Men's Horizontal bar,60
Women's Balance Beam,60
Men's Gymnastic; triathlon,60
Women's K-2 500m (kayak double),61
Men's K1 10;000m Kayak Singles,61
Men's C-1 1000m (canoe single),61
Men's C-2 500m (canoe double),61
Men's K-1 1000m (kayak single),61
Men's K-1 200m (kayak single),61
Men's C-1 200m (canoe single),61
Men's C-2 1000m (canoe double),61
Women's K-4 500m (kayak four),61
Men's C-1 10000 metres,61
Men's K-2 200m (kayak double),61
Men's K-4 1000m (kayak four),61
Women's K-1 200m (kayak single),61
Men's K-2 1000m (kayak double),61
Men's K1 10;000m Folding Kayak Singles,61
Men's C-1 500m (canoe single),61
Women's K-1 500m (kayak single),61
Men's K-1 500m (kayak single),61
Men's K-2 500m (kayak double),61
Men's Road Cycling; Individual Time Trial,62
Men's Road cycling; individual road race,62
Women's Road cycling; individual road race,62
Women's Road cycling; individual time trial,62
Women's handball,64
Men's handball,64
Winter pentathlon at the 1948 Winter Olympics,65
Men's Modern pentathlon,66
Women's Modern pentathlon,66
Men's Greco-Roman Featherweight,71
Men's Greco-Roman Wrestling; Featherweight 57-62 kg,71
Men's Greco Roman Wrestling; Middleweight 76-85 kg,71
Men's Greco-Roman Wrestling; Lightweight 63-69 kg,71
Men's Greco-Roman Wrestling; Light Flyweight  -48kg,71
Men's Greco-Roman Wrestling; Featherweight 58-62 kg,71
Men's Greco-Roman Wrestling; Featherweight 57-63 kg,71
Men's Greco-Roman Wrestling;  Welterweight 67-73 kg,71
Men's Greco-Roman Wrestling; Light Heavyweight,71
Men's Greco-Roman; Heavyweight +97kg,71
Greco-Roman Wrestling Super Heavyweight 97-130 kg,71
Men's Greco-Roman Wrestling; Lightweight  63-70 kg,71
Men's Greco-Roman Wrestling; Light Heavyweight 87-97kg,71
Men's Greco-Roman Wrestling; Middleweight 75 kg,71
Men's Greco-Roman Wrestling; Super Heavyweight 96-120 kg,71
Men's Greco-Roman Wrestling; Middleweight 67.5-75 kg,71
Men's Greco-Roman Wrestling; Bantamweight 55kg,71
Men's Greco-Roman Wrestling; Heavyweight +82.5,71
Men's Greco-Roman Wrestling; Heavyweight,71
Men's Greco-Roman Wrestling; Light Heavyweight 79-87kg,71
Men's Greco-Roman Wrestling; Heavyweight +87,71
Men's Greco-Roman Wrestling; Open,71
Men's Greco-Roman Wrestling; Super Heavyweight  +100 kg,71
Men's Greco-Roman Wrestling; Welterweight 66 - 72 kg,71
Men's Greco-Roman Wrestling; Featherweight -60,71
Men's Greco-Roman Wrestling; Super Heavyweight 100-130 kg,71
Men's Greco-Roman Wrestling; Heavyweight 84-96 kg,71
Men's Greco Roman Wrestling; Welterweight 69-76 kg,71
Men's Greco-Roman Wrestling; Bantamweight 52-57kg,71
Men's Greco-Roman Wrestling; Lightweight 62-68 kg,71
Men's Greco-Roman Wrestling; Middleweight  74-82kg,71
Men's Greco-Roman Wrestling; Lightweight 61-66 kg,71
Men's Greco-Roman Welterweight; 70-78 kg,71
Men's Greco-Roman Wrestling; Middleweight 72-79kg,71
Men's Greco-Roman Wrestling; Welterweight 68-74kg,71
Men's Greco-Roman Wrestling; Light Heavyweight  82-90 kg,71
Men's Greco-Roman Wrestling;  Middleweight 78-87kg,71
Men's Greco-Roman Wrestling; Lightweight 62-67.5 kg,71
Men's Greco-Roman Wrestling; Bantamweight -58kg,71
Men's Greco-Roman Wrestling; Light Heavyweight 93kg,71
Men's Greco-Roman Wrestling; Lightweight 62-67 kg,71
Men's Greco-Roman Wrestling; Lightweight,71
Men's Greco-Roman Wrestling; Flyweight -54kg,71
Men's Greco-Roman Wrestling; Lightweight 60 - 66kg,71
Men's Greco Roman Wrestling; 66.6-73 kg,71
Men's Greco Roman Wrestling; Heavyweight 85-97 kg,71
Men's Greco-Roman Wrestling; Bantamweight 54-58 kg,71
Men's Greco-Roman Wrestling; Featherweight 58-63 kg,71
Men's Greco-Roman Wrestling; Heavyweight 90-100kg,71
Men's Greco-Roman Wrestling; Bantamweight -56kg,71
Men's Greco-Roman Wrestling; Welterweight 66 - 74kg,71
Men's Greco-Roman Wrestling; Middleweight 73-79kg,71
Men's Greco-Roman Wrestling; Light Heavyweight 75-82.5kg,71
Men's Greco-Roman Wrestling; Flyweight 48-52 kg,71
Men's Greco-Roman Wrestling; Super Heavyweight +93kg,71
Greco-Roman Wrestling;  Lightweight 60-67.5kg,71
Men's Greco-Roman Wrestling; Featherweight 56-61 kg,71
Men's Greco Roman Wrestling - 52 kg,71
Men's Greco-Roman Wrestling; Featherweight 55 - 60kg,71
Men's Greco-Roman Wrestling; Lightweight -66.6kg,71
Men's Greco-Roman Wrestling; Middleweight 74 - 84 kg,71
Women's 10 metre platform,72
Men's synchronized 10 metre platform,72
Women's synchronized 3 metre springboard,72
Men's plain high diving,72
Men's synchronized 3 metre springboard,72
Platform diving,72
Plunge for distance,72
Women's 3 metre springboard,72
Men's 3 metre springboard,72
Men's 10 metre platform,72
Women's synchronized 10 metre platform,72
49er - Skiff,73
12' Dinghy,73
Open Laser Class,73
Women's RS:X - Windsurfer,73
Men's RS:X - Windsurfer,73
Men's Sailboard,73
Men's Star - Keelboat,73
Women's Laser Radial - One Person Dinghy,73
Women's Europe Class,73
Olympic Monotype,73
Finn Class,73
Tornado - Multihull,73
Women's 470 - Two Person Dinghy,73
Men's 470 - Two Person Dinghy,73
Men's Laser - One Person Dinghy,73
Women's Yngling - Keelboat,73
Firefly Class,73
Women's Sailboard,73
Men's trampoline,74
Women's trampoline,74
Jumping; individual,78
Individual Jumping,78
Team Jumping,78
Equestrian; High Jump,78
Equestrian; Long Jump,78
Jumping; team,78
Women's hockey,79
Men's hockey,79
Women's water polo,82
Men's water polo,82
Women's Track Cycling; Team Sprint,85
Men's Track Cycling; 10 km,85
Women's Track cycling; points race,85
Women's Track Cycling; Keirin,85
Women's Track Cycling; Individual Pursuit,85
Men's Track Cycling; 5km,85
Women'sTrack Cycling;  Time Trial,85
Men's Track Cycling; 100km,85
Men's Track cycling; Individual Pursuit,85
Men's Track Cycling; Team Sprint,85
Men's Track Cycling; 2 Miles,85
Men's Track cycling; Sprint individual,85
Men's Track Cycling; 25 Miles,85
Men's Track Cycling; 1/4 mile,85
Men's Track Cycling; 20km,85
Men's Track cycling; Olympic Sprint,85
Men's Track Cycling; 1/3 Mile,85
Men's Track Cycling; 12 Hour Race,85
Men's tandem,85
Men's Track Cycling; Omnium,85
Men's Track Cycling; 1 Mile,85
Women's Track Cycling; Team Pursuit,85
Track Cycling; Men's 1000m Time Trial,85
Men's Track cycling; Points Race,85
Women's Track Cycling; Omnium,85
Men's Track Cycling; 50km,85
Men's Track cycling; Team Pursuit (4000m),85
Men's Track Cycling; 5 Miles,85
Men's Track cycling; Madison,85
Men's Track Cycling; 660 yds,85
Men's Track cycling; Keirin,85
Men's Track Cycling; 1/2 Mile,85
Men's Track Cycling; 25km,85
Women's Track cycling; sprint,85
Men's Mountain Biking; Cross-Country,89
Women's Mountain Biking; Cross-Country,89
Women's Ice Hockey,90
Men's Ice Hockey,90
Women's Taekwondo; Heavyweight + 67 kg,91
Men's Taekwondo; Heavyweight + 80 kg,91
Women's Taekwondo; Lightweight 49 - 57 kg,91
Men's Taekwondo; Flyweight - 58 kg,91
Men's Taekwondo; Lightweight 58 - 68 kg,91
Women's Taekwondo; Middleweight 57 - 67 kg,91
Women's Taekwondo; Flyweight - 49 kg,91
Men's Taekwondo; Middleweight 68 - 80 kg,91
Women's Super-G,92
Men's Combined,92
Women's Giant Slalom,92
Men's Downhill,92
Women's Combined,92
Women's Downhill,92
Alpine skiing - Men's giant slalom,92
Men's Super Combined,92
Women's Slalom,92
Men's Super-G,92
Men's Slalom,92
Women's Super Combined,92
Women's Volleyball,94
Men's Volleyball,94
Women's Snowboard Cross,95
Men's Parallel Giant Slalom,95
Snowboard Cross,95
Men's Snowboarding Cross,95
Men's Snowboard Giant Slalom,95
Women's Parallel Giant Slalom,95
Snowboarding at the 2006 Winter Olympics,95
Women's Snowboard Giant Slalom,95
Women's Halfpipe,95
Men's Halfpipe,95
300m military rifle; prone,96
Men's 25m small bore rifle,96
Olympic trap,96
Men's 50m rifle prone,96
Running Deer; Double Shot,96
Men's Skeet,96
Men's 10m air pistol,96
Women's Skeet,96
300m military rifle; three positions,96
Small-bore Rifle; Disappearing Target,96
Men's Double trap,96
Men's 10m air rifle,96
Men's 200 metre military rifle,96
Olympic skeet,96
300m military rifle; standing,96
Men's 30 metre free pistol,96
Women's 10m air pistol,96
25 metre military pistol,96
Men's 300m Free Rifle; 3 Positions,96
1000 yd free rifle,96
Running Deer; Single Shot,96
10 metre running target,96
Women's 10m air rifle,96
600m military rifle,96
50m small bore rifle,96
Men's 1000 yd free rifle,96
Men's 30 metre military pistol,96
Moving target small-bore,96
Men's 50m pistol,96
300 metre free rifle; prone,96
Women's 50m rifle 3 positions,96
Women's Double Trap,96
Olympic 50m rifle; 3 positions,96
Men's 600m free rifle,96
Men's 25m rapid fire pistol,96
Individual Military Rifle; Kneeling,96
Stationary Target Small-Bore Rifle,96
Women's 25m pistol,96
Men's 100 metre team running deer; single shots,96
Men's 100 metre single-shot running deer,96
Men's 50 Yard Free Pistol,96
Men's 100 metre team running deer; double shots,96
Men's 100 metre running deer; single/double shots,96
Men's Trap,96
50 metre running target,96
Men's 50m rifle 3 positions,96
Women's Trap,96
Men's 100 metre double-shot running deer,96
Men's 200m breaststroke,98
Men's 400m freestyle,98
Men's 1 Mile Freestyle,98
Men's 400m individual medley,98
Men's 100m backstroke,98
Women's 4x100m medley relay,98
Women's 100m freestyle,98
Women's 50m freestyle,98
Men's 220yds Freestyle,98
1200m Freestyle Men,98
Women's 200m breaststroke,98
Women's 200m individual medley,98
Men's 50 yards Freestyle,98
Men's 100m breaststroke,98
Men's 4x200m freestyle relay,98
Men's Obstacle Race,98
Men's 200m Freestyle,98
Women's 200m butterfly,98
Women's 300m Freestyle,98
Men's 100yds Backstroke,98
Women's 200m freestyle,98
Men's 200m backstroke,98
Women's 100m butterfly,98
Women's 4x100m freestyle relay,98
Men's 440yds Breaststroke,98
Men's 4000m Freestyle,98
Men's 440yds Freestyle,98
Women's 200m backstroke,98
Men's 400m Breaststroke,98
Men's 100yds Freestyle,98
Men's sailors 100 metre freestyle,98
Men's Underwater Swimming,98
Women's 100m backstroke,98
Women's 100m breaststroke,98
Women's 400m individual medley,98
Men's 880yds Freestyle,98
Women's 400m freestyle,98
Men's 100m butterfly,98
Men's 50m freestyle,98
Women's 800m freestyle,98
Men's Swimming; marathon 10km,98
Women's Swimming; marathon 10km,98
Men's 200m butterfly,98
Men's 100m freestyle,98
Men's 1500m freestyle,98
500m Freestyle Men,98
Women's 4x200m freestyle relay,98
Men's 4x100m medley relay,98
Men's 4x100m freestyle relay,98
Men's 200m individual medley,98
Men's 1000m Freestyle,98
Men's Singles,99
Women's Singles,99
Luge Team Relay,99
Doubles,99
Two-Man Bobsleigh,102
Women's Bobsleigh,102
Two-Woman Bobsleigh,102
Four-Man Bobsleigh,102
Women's basketball,103
Men's basketball,103
Men's Triathlon,106
Women's Individual Triathlon,106
Men's Table tennis; team,107
Men's Table Tennis; Singles,107
Women's TableTennis; Singles,107
Women's Table tennis; team,107
Badminton - Women's doubles,108
Badminton - Mixed doubles (Olympics),108
Women's Badminton; singles,108
Badminton - Men's doubles,108
Men's Badminton; singles,108
Women's 7.5 km Sprint,110
Men's 12.5 km Pursuit,110
Men's 4x7.5 km Relay,110
Men's 20 km Individual,110
Men's 10 km Sprint,110
Men's 15 km Mass Start,110
Women's 15 km Individual,110
Women's 4x6 km Relay,110
Mixed Relay,110
Women's 10 km Pursuit,110
Women's 12.5 km Mass Start,110
Croquet; Singles (2 Balls),114
Croquet; Singles (1 Ball),114
Women's Ski Cross,115
Women's Aerials,115
Women's Moguls,115
Men's Aerials,115
Men's Moguls,115
Men's Ski Cross,115
Men's Ski Half-pipe,115
Women's Ski Half-pipe,115
Men's Beach Volleyball,116
Women's Beach Volleyball,116
Women's K-1 (kayak single),117
Men's C-2 (canoe double),117
Men's Slalom C-1 (canoe single),117
Men's K-1 (kayak single),117
Eventing; individual,118
Individual Eventing,118
Team Eventing,118
Eventing; team,118
Standing High Jump,119
Men's Athletics; Cross-Country,119
Men's Athletics; 110m hurdles,119
Men's Athletics; 4x100m relay,119
Women's Pole vault,119
Men's Discus throw,119
Women's Athletics; Marathon,119
Men's Athletics; 200m Hurdles,119
Standing Long Jump,119
Women's Long jump,119
Women's Hammer throw,119
Men's Athletics; 200m,119
Women's Athletics; 1500m,119
Two Handed Discus Throw,119
Men's High jump,119
Women's Athletics; 800m,119
Men's 50km walk,119
Men's Athletics; 3200m Steeplechase,119
Men's Freestyle Javelin,119
Men's Pentathlon,119
Women's Discus throw,119
Men's Athletics; 2500m Steeplechase,119
Men's Athletics; 5 Miles,119
Women's Javelin throw,119
Women's High jump,119
Women's Athletics; 3000m,119
Women's Athletics; 10000m,119
Women's Heptathlon,119
Men's Athletics; 10000m,119
Two Handed Shot Put,119
Women's Athletics; 5000m,119
Greek Discus,119
Men's Athletics; 4000m Steeplechase,119
Standing triple jump,119
Men's Athletics; 1500m,119
Men's Athletics; 100m,119
Women's Athletics; 3000m steeplechase,119
Women's Athletics; 4x100m relay,119
Women's Athletics; 20km walk,119
Men's 10km Walk,119
Men's Athletics; 800m,119
Women's Athletics; 10k Walk,119
Men's 10 Mile Walk,119
Women's Athletics; 100m hurdles,119
Women's Athletics; 80m Hurdles,119
Men's Athletics; 60m,119
Men's Athletics; 5000m,119
Women's Athletics; 100m,119
Men's 3000m steeplechase,119
Men's Athletics; 2590m steeplechase,119
Two Handed Javelin Throw,119
Women's Shot put,119
Women's Athletics; 400m,119
Men's Pole vault,119
Men's Javelin throw,119
56-Pound Weight Throw,119
Men's Hammer throw,119
Men's Triple jump,119
Men's Athletics; 400m hurdles,119
Men's 20km walk,119
Men's 4x400 metres relay,119
Women's Athletics; Pentathlon,119
Men's Shot put,119
Men's Marathon,119
Men's Athletics; 400m,119
Men's 3500m Walk,119
Men's Decathlon,119
Women's Athletics; 400m hurdles,119
Women's Triple jump,119
Women's Athletics; 200m,119
Men's Long jump,119
Women's Athletics; 4x400m relay,119
Men's Athletics; Triathlon,119
Men's 3km Walk,119
Women's Tennis; doubles,122
Men's Tennis; Indoor Singles,122
Women's Tennis; singles,122
Women's Tennis; Indoor Singles,122
Men's Tennis; doubles,122
Men's Tennis; singles,122
Mixed doubles,122
